[
    {
        "code": "pppjo",
        "name": "Penn Pre-Professional Juggling Organization",
        "description": "The PPPJO is looking for intense jugglers seeking to juggle their way to the top. Come with your juggling equipment (and business formal attire) to hone your skills in time for recruiting season!",
        "tags": ["Pre-Professional", "Athletics", "Undergraduate"]
    },
    {
        "code": "lorem-ipsum",
        "name": "Penn Lorem Ipsum Club",
        "description": "Join our club if you're interested in dolor, or sit amet!",
        "tags": ["Undergraduate", "Literary"]
    },
    {
        "code": "penn-memes",
        "name": "Penn Memes Club",
        "description": "We love memes!",
        "tags": ["Graduate", "Literary"]
    },
    {
        "code": "pppp",
        "name": "Penn Program for Potential Procrastinators",
        "description": "Ever considered yourself a possible procrastinator, but never actually were able to get the motivation to determine for sure? Then join PPPP, Penn's premier potential procrastinating society! We are seeking unmotivated individuals who, in theory, are interested in joining our group, but can't quite get themselves to start working on our application. Start applying today so that you can procrastinate on the application and ultimately miss the deadline",
        "tags": ["Undergraduate", "Academic"]
    },
    {
        "code": "locustlabs",
        "name": "Locust Labs",
        "description": "The club that makes your favourite software!",
        "tags": ["Undergraduate", "Graduate", "Technology"]
    }
]